Iteration,nheads,Average TFLOPs/s
0,2,5.942229152587523
1,4,5.598045445086466
2,8,5.6626410974091765
3,16,5.340628211489987
4,32,4.918573283965504
5,64,4.455636084613416
6,128,4.1182569847297446
