Number of Heads,TFLOPs/s
2,15.47058157340547
4,13.148898286317054
8,8.233972556497037
16,4.999027027218366
32,3.256733572201953
64,1.80193075050731
128,0.9438195887018949
