Sequence Length,TFLOPs/s
512,0.6071245943420804
1024,0.6327550931372298
2048,0.5983916673937918
4096,0.5751632358347539
