Sequence Length,TFLOPs/s
128,1.3467284111944129
256,2.730831013445298
512,1.752195183144824
1024,0.565659616427297
2048,0.37885222575990174
