Sequence Length,TFLOPs/s
128,3.0837965980896285
256,2.4829233079555855
512,1.4080428215200005
1024,0.5768097049723006
2048,0.3902011761317469
