Heads,Forward TFLOP/s,Backward TFLOP/s
2,2.5096014913821065,2.1083423081957045
4,2.414990948718615,1.9123761763413185
8,2.0449455186298557,0.97747663228555
16,1.6197075864839183,0.7977578189465269
32,1.1577425515349964,0.5747063413926901
64,0.7227712305214258,0.4354440527878358
128,0.4084460029481925,0.21654274147670363
